{
  "id": 0,
  "id_v2": "string",
  "image_url": "string",
  "sample_url": "string",
  "image_size": 0,
  "image_width": 0,
  "image_height": 0,
  "sample_size": 0,
  "sample_width": 0,
  "sample_height": 0,
  "source": "string",
  "source_id": 0,
  "rating": "string",
  "verification": "string",
  "hash_md5": "string",
  "hash_perceptual": "string",
  "color_dominant": [
    0
  ],
  "color_palette": [
    [
      0
    ]
  ],
  "duration": 0,
  "is_original": true,
  "is_screenshot": true,
  "is_flagged": true,
  "is_animated": true,
  "artist": {
    "id": 0,
    "id_v2": "string",
    "name": "string",
    "aliases": [
      "string"
    ],
    "image_url": "string",
    "links": [
      "string"
    ],
    "policy_repost": true,
    "policy_credit": true,
    "policy_ai": false
  },
  "characters": [
    {
      "id": 0,
      "id_v2": "string",
      "name": "string",
      "aliases": [
        "string"
      ],
      "description": "string",
      "ages": [
        0
      ],
      "height": 0,
      "weight": 0,
      "gender": "string",
      "species": "string",
      "birthday": "string",
      "nationality": "string",
      "occupations": [
        "string"
      ],
      "main_image_id": 0
    }
  ],
  "tags": [
    {
      "id": 0,
      "id_v2": "string",
      "name": "string",
      "description": "string",
      "sub": "string",
      "is_nsfw": true
    }
  ],
  "created_at": 0,
  "updated_at": 0
}
