{
  "data": {
    "mal_id": 44965,
    "url": "https:\/\/myanimelist.net\/anime\/44965\/Xingji_Xiao_Mayi__Huanqiu_Zhui_Meng",
    "images": {
      "jpg": {
        "image_url": "https:\/\/cdn.myanimelist.net\/images\/anime\/1758\/128337.jpg",
        "small_image_url": "https:\/\/cdn.myanimelist.net\/images\/anime\/1758\/128337t.jpg",
        "large_image_url": "https:\/\/cdn.myanimelist.net\/images\/anime\/1758\/128337l.jpg"
      },
      "webp": {
        "image_url": "https:\/\/cdn.myanimelist.net\/images\/anime\/1758\/128337.webp",
        "small_image_url": "https:\/\/cdn.myanimelist.net\/images\/anime\/1758\/128337t.webp",
        "large_image_url": "https:\/\/cdn.myanimelist.net\/images\/anime\/1758\/128337l.webp"
      }
    },
    "trailer": {
      "youtube_id": null,
      "url": null,
      "embed_url": null,
      "images": {
        "image_url": null,
        "small_image_url": null,
        "medium_image_url": null,
        "large_image_url": null,
        "maximum_image_url": null
      }
    },
    "approved": true,
    "titles": [
      {
        "type": "Default",
        "title": "Xingji Xiao Mayi: Huanqiu Zhui Meng"
      },
      {
        "type": "Japanese",
        "title": "\u661f\u9645\u5c0f\u8682\u8681\u4e4b\u73af\u7403\u8ffd\u68a6"
      }
    ],
    "title": "Xingji Xiao Mayi: Huanqiu Zhui Meng",
    "title_english": null,
    "title_japanese": "\u661f\u9645\u5c0f\u8682\u8681\u4e4b\u73af\u7403\u8ffd\u68a6",
    "title_synonyms": [],
    "type": "TV",
    "source": "Original",
    "episodes": 50,
    "status": "Finished Airing",
    "airing": false,
    "aired": {
      "from": "2015-12-01T00:00:00+00:00",
      "to": null,
      "prop": {
        "from": {
          "day": 1,
          "month": 12,
          "year": 2015
        },
        "to": {
          "day": null,
          "month": null,
          "year": null
        }
      },
      "string": "Dec 2015 to ?"
    },
    "duration": "12 min per ep",
    "rating": "PG - Children",
    "score": null,
    "scored_by": null,
    "rank": 14503,
    "popularity": 24050,
    "members": 51,
    "favorites": 0,
    "synopsis": null,
    "background": null,
    "season": null,
    "year": null,
    "broadcast": {
      "day": null,
      "time": null,
      "timezone": null,
      "string": "Unknown"
    },
    "producers": [],
    "licensors": [],
    "studios": [],
    "genres": [
      {
        "mal_id": 2,
        "type": "anime",
        "name": "Adventure",
        "url": "https:\/\/myanimelist.net\/anime\/genre\/2\/Adventure"
      },
      {
        "mal_id": 10,
        "type": "anime",
        "name": "Fantasy",
        "url": "https:\/\/myanimelist.net\/anime\/genre\/10\/Fantasy"
      }
    ],
    "explicit_genres": [],
    "themes": [
      {
        "mal_id": 51,
        "type": "anime",
        "name": "Anthropomorphic",
        "url": "https:\/\/myanimelist.net\/anime\/genre\/51\/Anthropomorphic"
      }
    ],
    "demographics": [
      {
        "mal_id": 15,
        "type": "anime",
        "name": "Kids",
        "url": "https:\/\/myanimelist.net\/anime\/genre\/15\/Kids"
      }
    ]
  }
}