{
  "data": {
    "mal_id": 211935,
    "url": "https:\/\/myanimelist.net\/character\/211935\/Taritta_Shudrak",
    "images": {
      "jpg": {
        "image_url": "https:\/\/cdn.myanimelist.net\/images\/characters\/5\/476141.jpg"
      },
      "webp": {
        "image_url": "https:\/\/cdn.myanimelist.net\/images\/characters\/5\/476141.webp",
        "small_image_url": "https:\/\/cdn.myanimelist.net\/images\/characters\/5\/476141t.webp"
      }
    },
    "name": "Taritta Shudrak",
    "name_kanji": "\u30bf\u30ea\u30c3\u30bf\u30fb\u30b7\u30e5\u30c9\u30e9\u30af",
    "nicknames": [],
    "favorites": 1,
    "about": "Tarrita Shudrak is a member of the Shudrak Clan located in the depths of the Buddheim Jungle. She first made her appearance in Arc 7 and plays a prominent role supporting the endeavours of Natsuki Subaru and Vincent Vollachia.\n\n\n\nNo voice actors have been added to this character. Help improve our database by searching for a voice actor, and adding this character to their roles ."
  }
}